<xml xmlns:o="urn:schemas-microsoft-com:office:office">
 <o:MainFile HRef="../index.htm"/>
 <o:File HRef="item0032.xml"/>
 <o:File HRef="props0033.xml"/>
 <o:File HRef="themedata.thmx"/>
 <o:File HRef="colorschememapping.xml"/>
 <o:File HRef="image001.jpg"/>
 <o:File HRef="image027.jpg"/>
 <o:File HRef="image003.jpg"/>
 <o:File HRef="image028.jpg"/>
 <o:File HRef="image005.jpg"/>
 <o:File HRef="image029.jpg"/>
 <o:File HRef="image007.jpg"/>
 <o:File HRef="image030.jpg"/>
 <o:File HRef="image009.jpg"/>
 <o:File HRef="image031.jpg"/>
 <o:File HRef="image011.jpg"/>
 <o:File HRef="image032.jpg"/>
 <o:File HRef="image013.jpg"/>
 <o:File HRef="image033.jpg"/>
 <o:File HRef="image015.jpg"/>
 <o:File HRef="image034.jpg"/>
 <o:File HRef="image017.jpg"/>
 <o:File HRef="image035.jpg"/>
 <o:File HRef="image019.jpg"/>
 <o:File HRef="image036.jpg"/>
 <o:File HRef="image021.jpg"/>
 <o:File HRef="image037.jpg"/>
 <o:File HRef="image023.jpg"/>
 <o:File HRef="image038.jpg"/>
 <o:File HRef="image025.jpg"/>
 <o:File HRef="image039.jpg"/>
 <o:File HRef="filelist.xml"/>
</xml>